Parameter Set,ConfusionMatrix,Sensitivity,Precision,ICC,Parameters
Original,"[[58, 234], [1163, 3545]]",0.19863013698630136,0.0475020475020475,0.5287073014614266,0.395,0.646,1.0,0.35,0.61,0.71,0.45,0.56,0.704,0,0.275,0.66,0,0.275,0.66,0,0.275,0.66
Optimized,"[[278, 14], [3329, 1379]]",0.952054794520548,0.07707235930135847,0.681300234886,0.302784737,0.475580675,0.89456657,0.603043793,0.635915596,0.631013513,0.432071878,0.467849593,0.75537718,2.31781078e-18,0.829242367,0.662433356,3.70982661e-18,0.80615285,0.737297631,0.231181458,0.486263924,0.0
