Parameter Set,ConfusionMatrix,Risk reduction,Sensitivity,Precision,Unexpl ICC,Expl ICC,Parameters
Original,"[[44, 327], [16, 613]]",0.093161180841536,0.7333333333333333,0.11859838274932614,0.5001891345357099,0.5848391058784697,0.395,0.646,1.0,0.35,0.61,0.71,0.45,0.56,0.704,0,0.275,0.66,0,0.275,0.66,0,0.275,0.66
Optimized,"[[42, 315], [18, 625]]",0.08965327966334279,0.7,0.11764705882352941,0.500161551077,0.574508524294,0.393754349,0.646,0.984835418,0.348744497,0.606618646,0.684982067,0.45,0.559095135,0.67932162,0.00251470936,0.267049908,0.655923897,0.00250400705,0.267005848,0.656070675,5.33609463e-21,0.267005848,0.663871745
