Parameter Set,ConfusionMatrix,Sensitivity,Precision,Unexpl ICC,Expl ICC,Parameters
Original,"[[58, 1163], [234, 3545]]",0.19863013698630136,0.0475020475020475,0.5001062591564981,0.5430078226138908,0.395,0.646,1.0,0.35,0.61,0.71,0.45,0.56,0.704,0,0.275,0.66,0,0.275,0.66,0,0.275,0.66
Optimized,"[[282, 3708], [10, 1000]]",0.9657534246575342,0.07067669172932331,0.50020732644,0.571590893846,0.41315345,0.64153482,0.9999998,0.40842057,0.60109601,0.99791644,0.45,0.58961011,0.99997287,0.11068989,0.30830816,0.69698239,0.03337496,0.40883946,0.69925362,0.1060968,0.34769298,0.63913738
