Parameter Set,Parameters,ICC
Original,"[0.395, 0.646, 1.0, 0.35, 0.61, 0.71, 0.45, 0.56, 0.704, 0, 0.275, 0.66, 0, 0.275, 0.66, 0, 0.275, 0.66]",0.5318314061030834
Optimized,"[0.77555908, 0.01934792, 0.77556802, 0.89141158, 0.89139583, 0.8913977, 0.30886826, 0.62159086, 0.62163199, 1.0, 1.0, 0.00855954, 0.08863272, 0.96185204, 0.99791867, 0.00196763, 0.97231877, 0.99641427]",0.967510973104
