Parameter Set,ConfusionMatrix,Sensitivity,Precision,ICC,Parameters
Original,"[[52, 272], [1073, 3589]]",0.16049382716049382,0.04622222222222222,0.5227237262684103,"[0.395, 0.646, 1.0, 0.35, 0.61, 0.71, 0.45, 0.56, 0.704, 0, 0.275, 0.66, 0, 0.275, 0.66, 0, 0.275, 0.66]"
Optimized,"[[56, 268], [1248, 3414]]",0.1728395061728395,0.04294478527607362,0.511167161066,"[0.36462005, 0.65667125, 1.0, 0.38277958, 0.89745686, 0.52840004, 0.45, 0.57411772, 0.82841903, 0.0, 0.0, 0.75289696, 0.0, 0.0, 0.74960898, 0.0, 0.0, 0.79048703]"
