Parameter Set,Parameters,ICC
Original,"[0.395, 0.646, 1.0, 0.35, 0.61, 0.71, 0.45, 0.56, 0.704, 0, 0.275, 0.66, 0, 0.275, 0.66, 0, 0.275, 0.66]",0.5227237262684103
Optimized,"[0.93380795, 0.00272899, 0.93377978, 0.9575294, 0.95750098, 0.95750112, 0.3201453, 0.8775199, 0.87752556, 0.93828426, 0.99994256, 0.02486861, 0.19702183, 0.99964121, 0.99617334, 0.07548695, 0.99866799, 0.995549]",0.833343478566
